{"mean":{"confidence_interval":{"confidence_level":0.95,"lower_bound":-0.00513657270095881,"upper_bound":0.0022411315598343637},"point_estimate":-0.0013456613569120535,"standard_error":0.001878936663276689},"median":{"confidence_interval":{"confidence_level":0.95,"lower_bound":-0.0029740531458597452,"upper_bound":0.0024364386108565155},"point_estimate":0.00006781751842321881,"standard_error":0.0013639983755538666}}