{"mean":{"confidence_interval":{"confidence_level":0.95,"lower_bound":0.009341317807738697,"upper_bound":0.014220696675736394},"point_estimate":0.011811281103956572,"standard_error":0.0012461439187968694},"median":{"confidence_interval":{"confidence_level":0.95,"lower_bound":0.008994004678975298,"upper_bound":0.015673490823935543},"point_estimate":0.013106068895178291,"standard_error":0.001857338452120775}}