{"mean":{"confidence_interval":{"confidence_level":0.95,"lower_bound":-0.0039166489374142625,"upper_bound":-0.00017513562762583312},"point_estimate":-0.0020329773724105937,"standard_error":0.0009571868340014683},"median":{"confidence_interval":{"confidence_level":0.95,"lower_bound":-0.002916777062229592,"upper_bound":0.0002871868586495907},"point_estimate":-0.0013867827168785318,"standard_error":0.0007918878330787943}}