{"mean":{"confidence_interval":{"confidence_level":0.95,"lower_bound":93.40418131691148,"upper_bound":93.98875352143506},"point_estimate":93.68708409963322,"standard_error":0.14900870733409805},"median":{"confidence_interval":{"confidence_level":0.95,"lower_bound":93.11200381433937,"upper_bound":93.69467243880918},"point_estimate":93.44952767844777,"standard_error":0.14506487945374708},"median_abs_dev":{"confidence_interval":{"confidence_level":0.95,"lower_bound":0.9375721616275552,"upper_bound":1.5474912219074755},"point_estimate":1.2196026886142306,"standard_error":0.1612790002621947},"slope":{"confidence_interval":{"confidence_level":0.95,"lower_bound":93.15980144622122,"upper_bound":93.70174328531891},"point_estimate":93.41719656140872,"standard_error":0.13833855142296456},"std_dev":{"confidence_interval":{"confidence_level":0.95,"lower_bound":1.212638015326832,"upper_bound":1.752356833693527},"point_estimate":1.4965412053190261,"standard_error":0.13771274518154897}}