{"mean":{"confidence_interval":{"confidence_level":0.95,"lower_bound":-0.0030669862652587965,"upper_bound":0.007125176252840654},"point_estimate":0.0019686841998820537,"standard_error":0.0025952786149206547},"median":{"confidence_interval":{"confidence_level":0.95,"lower_bound":0.0005454241318198783,"upper_bound":0.009893441492028643},"point_estimate":0.0059304398796729,"standard_error":0.002295542843753625}}