{"mean":{"confidence_interval":{"confidence_level":0.95,"lower_bound":0.230739742083628,"upper_bound":0.24064826193594752},"point_estimate":0.2353528915064036,"standard_error":0.0025236942509327983},"median":{"confidence_interval":{"confidence_level":0.95,"lower_bound":0.22928178009099898,"upper_bound":0.23508272712103073},"point_estimate":0.23165947334357218,"standard_error":0.0014763523219298007}}