{"mean":{"confidence_interval":{"confidence_level":0.95,"lower_bound":2917.477051414765,"upper_bound":2936.5824409588636},"point_estimate":2926.621695623028,"standard_error":4.880153489683982},"median":{"confidence_interval":{"confidence_level":0.95,"lower_bound":2906.3528493894164,"upper_bound":2920.545705276435},"point_estimate":2911.777595717067,"standard_error":3.8624083403715916},"median_abs_dev":{"confidence_interval":{"confidence_level":0.95,"lower_bound":24.01372118642067,"upper_bound":44.479766169185915},"point_estimate":31.872010821894193,"standard_error":5.457011405286621},"slope":{"confidence_interval":{"confidence_level":0.95,"lower_bound":2916.1402969705246,"upper_bound":2932.7386539139384},"point_estimate":2924.2886645948624,"standard_error":4.220900685542204},"std_dev":{"confidence_interval":{"confidence_level":0.95,"lower_bound":36.347609279631314,"upper_bound":62.009018496283176},"point_estimate":49.11697270321192,"standard_error":6.659514365173304}}