{"mean":{"confidence_interval":{"confidence_level":0.95,"lower_bound":-0.021987189923226423,"upper_bound":-0.01437392124621457},"point_estimate":-0.0180921377359905,"standard_error":0.0019379847657601326},"median":{"confidence_interval":{"confidence_level":0.95,"lower_bound":-0.019799632776921317,"upper_bound":-0.01297506781979385},"point_estimate":-0.01756649639706387,"standard_error":0.0017531932364110657}}