{"mean":{"confidence_interval":{"confidence_level":0.95,"lower_bound":-0.10535673683579998,"upper_bound":-0.10140578555177718},"point_estimate":-0.10340546685412133,"standard_error":0.0010068466454309904},"median":{"confidence_interval":{"confidence_level":0.95,"lower_bound":-0.10533084899537086,"upper_bound":-0.10151477452424762},"point_estimate":-0.10337929150451641,"standard_error":0.0009662188930206296}}