{"mean":{"confidence_interval":{"confidence_level":0.95,"lower_bound":-0.01225530058836601,"upper_bound":-0.004678986956092008},"point_estimate":-0.008453242755676493,"standard_error":0.001921240232692231},"median":{"confidence_interval":{"confidence_level":0.95,"lower_bound":-0.01310785357234101,"upper_bound":-0.004631606064248284},"point_estimate":-0.009171793563383268,"standard_error":0.0020879104227174835}}