{"mean":{"confidence_interval":{"confidence_level":0.95,"lower_bound":-0.0050105957323854115,"upper_bound":0.0008158316370465253},"point_estimate":-0.002089420744172177,"standard_error":0.0014830830354125356},"median":{"confidence_interval":{"confidence_level":0.95,"lower_bound":-0.003263234091821806,"upper_bound":0.0012920968775285147},"point_estimate":-0.0007043779166842068,"standard_error":0.0011922187745920761}}