{"mean":{"confidence_interval":{"confidence_level":0.95,"lower_bound":326.8691764960473,"upper_bound":328.9365987886973},"point_estimate":327.8954230623139,"standard_error":0.526227880284532},"median":{"confidence_interval":{"confidence_level":0.95,"lower_bound":326.0983767296657,"upper_bound":329.7542671511948},"point_estimate":328.8001367323716,"standard_error":0.9958052492395093},"median_abs_dev":{"confidence_interval":{"confidence_level":0.95,"lower_bound":4.941965211560812,"upper_bound":7.507648856550338},"point_estimate":6.109923992971637,"standard_error":0.6307874752911297},"slope":{"confidence_interval":{"confidence_level":0.95,"lower_bound":327.13384170346086,"upper_bound":329.76365766687906},"point_estimate":328.4486624517074,"standard_error":0.6666748334255971},"std_dev":{"confidence_interval":{"confidence_level":0.95,"lower_bound":4.6996819521372615,"upper_bound":5.835693550140688},"point_estimate":5.297378011851692,"standard_error":0.2891210057899854}}