{"mean":{"confidence_interval":{"confidence_level":0.95,"lower_bound":0.000053102128650867954,"upper_bound":0.019923567470911993},"point_estimate":0.00895009292467086,"standard_error":0.00551029009221521},"median":{"confidence_interval":{"confidence_level":0.95,"lower_bound":0.00025604733506057187,"upper_bound":0.010416779059700731},"point_estimate":0.005209001191882168,"standard_error":0.0025686005519954345}}