{"mean":{"confidence_interval":{"confidence_level":0.95,"lower_bound":-0.007481357651482534,"upper_bound":0.0004898193091065921},"point_estimate":-0.0032064395774152876,"standard_error":0.0020260150117850837},"median":{"confidence_interval":{"confidence_level":0.95,"lower_bound":-0.004703762497605897,"upper_bound":0.001465540003278365},"point_estimate":-0.0018243701836074822,"standard_error":0.0015813345310059766}}