{"mean":{"confidence_interval":{"confidence_level":0.95,"lower_bound":0.04509215604833245,"upper_bound":0.05041545681660485},"point_estimate":0.047696452446806425,"standard_error":0.0013583676954906285},"median":{"confidence_interval":{"confidence_level":0.95,"lower_bound":0.04230087828495299,"upper_bound":0.048786879981321224},"point_estimate":0.04567078753083331,"standard_error":0.0016587418224107778}}