{"mean":{"confidence_interval":{"confidence_level":0.95,"lower_bound":0.0018353631066647857,"upper_bound":0.008438650354530097},"point_estimate":0.00519137991528984,"standard_error":0.001704623009721543},"median":{"confidence_interval":{"confidence_level":0.95,"lower_bound":0.0012879933973062307,"upper_bound":0.00711259016098964},"point_estimate":0.00392649897835784,"standard_error":0.0015585147665551939}}