{"mean":{"confidence_interval":{"confidence_level":0.95,"lower_bound":-0.014962710388005299,"upper_bound":-0.011682831790015946},"point_estimate":-0.013285381159301557,"standard_error":0.0008380966132164426},"median":{"confidence_interval":{"confidence_level":0.95,"lower_bound":-0.014783583141401824,"upper_bound":-0.011293569248134516},"point_estimate":-0.013153390528241049,"standard_error":0.0008800776721929829}}