{"mean":{"confidence_interval":{"confidence_level":0.95,"lower_bound":-0.019108737265496487,"upper_bound":-0.00660680796353822},"point_estimate":-0.012571880001881919,"standard_error":0.003180486476165329},"median":{"confidence_interval":{"confidence_level":0.95,"lower_bound":-0.013794235423639778,"upper_bound":-0.006546331979798221},"point_estimate":-0.010988436253701495,"standard_error":0.0018361687119173118}}