{"mean":{"confidence_interval":{"confidence_level":0.95,"lower_bound":-0.02086984028450523,"upper_bound":-0.014861242561186722},"point_estimate":-0.017846351769692625,"standard_error":0.0015274059669492764},"median":{"confidence_interval":{"confidence_level":0.95,"lower_bound":-0.023720785830813385,"upper_bound":-0.01716274297303729},"point_estimate":-0.021032489072699723,"standard_error":0.00171690455698189}}