{"mean":{"confidence_interval":{"confidence_level":0.95,"lower_bound":0.000497201125268371,"upper_bound":0.005642186533704939},"point_estimate":0.0030595778341246938,"standard_error":0.0013203305768394553},"median":{"confidence_interval":{"confidence_level":0.95,"lower_bound":0.0007765124503080756,"upper_bound":0.005313224410687933},"point_estimate":0.003500209692788303,"standard_error":0.0012143124952579208}}