{"mean":{"confidence_interval":{"confidence_level":0.95,"lower_bound":0.011742701293287734,"upper_bound":0.01839862894180791},"point_estimate":0.015040533639542053,"standard_error":0.0016915461064970156},"median":{"confidence_interval":{"confidence_level":0.95,"lower_bound":0.010005069666384037,"upper_bound":0.015980080852188827},"point_estimate":0.013086213994303986,"standard_error":0.001514039375562097}}