{"mean":{"confidence_interval":{"confidence_level":0.95,"lower_bound":-0.006537040075648154,"upper_bound":0.0018679071212569576},"point_estimate":-0.0024021164611550683,"standard_error":0.0021482002654233086},"median":{"confidence_interval":{"confidence_level":0.95,"lower_bound":-0.00898322250066641,"upper_bound":0.003540213245662782},"point_estimate":-0.001729409738647436,"standard_error":0.003341197006434205}}