{"mean":{"confidence_interval":{"confidence_level":0.95,"lower_bound":0.005173331286534273,"upper_bound":0.011575973763309998},"point_estimate":0.008537236280096394,"standard_error":0.0016396167181214397},"median":{"confidence_interval":{"confidence_level":0.95,"lower_bound":0.005284167040625842,"upper_bound":0.01179666380265676},"point_estimate":0.008996038747435264,"standard_error":0.0016712183707387066}}