{"mean":{"confidence_interval":{"confidence_level":0.95,"lower_bound":81.7675539925753,"upper_bound":82.35235045542318},"point_estimate":82.0269739366411,"standard_error":0.1497718613401737},"median":{"confidence_interval":{"confidence_level":0.95,"lower_bound":81.60154375584946,"upper_bound":81.95972899385804},"point_estimate":81.70023035041184,"standard_error":0.08850728665724111},"median_abs_dev":{"confidence_interval":{"confidence_level":0.95,"lower_bound":0.617215684424672,"upper_bound":1.079010327046189},"point_estimate":0.8001111783847173,"standard_error":0.11869168763554362},"slope":{"confidence_interval":{"confidence_level":0.95,"lower_bound":81.73268480519553,"upper_bound":82.13066254736681},"point_estimate":81.91745487121644,"standard_error":0.10172884849940247},"std_dev":{"confidence_interval":{"confidence_level":0.95,"lower_bound":0.8361963489001762,"upper_bound":2.2162423081459273},"point_estimate":1.5002655098871067,"standard_error":0.415461725586601}}