{"mean":{"confidence_interval":{"confidence_level":0.95,"lower_bound":-0.0010523873041443101,"upper_bound":0.011765728264014813},"point_estimate":0.0050053565057761595,"standard_error":0.0033551746674700695},"median":{"confidence_interval":{"confidence_level":0.95,"lower_bound":-0.010781653014923842,"upper_bound":0.001960285117775351},"point_estimate":-0.00467464537155482,"standard_error":0.0032518539882058833}}