{"mean":{"confidence_interval":{"confidence_level":0.95,"lower_bound":-0.007597636933902975,"upper_bound":0.0014511717637965818},"point_estimate":-0.0032692529779476676,"standard_error":0.0023107768500537943},"median":{"confidence_interval":{"confidence_level":0.95,"lower_bound":-0.010463185168299027,"upper_bound":-0.0014829069447657797},"point_estimate":-0.005628732772783529,"standard_error":0.0022520086173207347}}