{"mean":{"confidence_interval":{"confidence_level":0.95,"lower_bound":-0.00999220627860073,"upper_bound":-0.0009432320313543633},"point_estimate":-0.005491685493749898,"standard_error":0.002319266247679371},"median":{"confidence_interval":{"confidence_level":0.95,"lower_bound":-0.01204231107229352,"upper_bound":-0.002872777965582385},"point_estimate":-0.007621060004173952,"standard_error":0.0022013476889791734}}