{"mean":{"confidence_interval":{"confidence_level":0.95,"lower_bound":-0.06205806272814653,"upper_bound":-0.05263325996034704},"point_estimate":-0.05722977681927055,"standard_error":0.002366969843553045},"median":{"confidence_interval":{"confidence_level":0.95,"lower_bound":-0.06288612890024592,"upper_bound":-0.0538919956321674},"point_estimate":-0.058245946445101615,"standard_error":0.0023808039848546582}}