{"mean":{"confidence_interval":{"confidence_level":0.95,"lower_bound":-0.00503219097131094,"upper_bound":0.0006756554285291085},"point_estimate":-0.0022063085010411987,"standard_error":0.0014479011673766656},"median":{"confidence_interval":{"confidence_level":0.95,"lower_bound":-0.004527401264937225,"upper_bound":0.0008688680856092645},"point_estimate":-0.0019333424443849223,"standard_error":0.0013559282933651381}}