{"mean":{"confidence_interval":{"confidence_level":0.95,"lower_bound":-0.013569007691655505,"upper_bound":-0.007704049973979164},"point_estimate":-0.010813494117918765,"standard_error":0.0015014835128345633},"median":{"confidence_interval":{"confidence_level":0.95,"lower_bound":-0.0141688922235772,"upper_bound":-0.006264717644781426},"point_estimate":-0.010628137993351161,"standard_error":0.0023647797778616215}}