{"mean":{"confidence_interval":{"confidence_level":0.95,"lower_bound":796.2818191029373,"upper_bound":803.5668599142601},"point_estimate":799.7926614043095,"standard_error":1.8640128333949435},"median":{"confidence_interval":{"confidence_level":0.95,"lower_bound":793.4371626665136,"upper_bound":799.8719706538325},"point_estimate":796.054343656569,"standard_error":1.9025139876223096},"median_abs_dev":{"confidence_interval":{"confidence_level":0.95,"lower_bound":12.983693831312655,"upper_bound":21.306352516189477},"point_estimate":18.285389473325186,"standard_error":2.1976616270626232},"slope":{"confidence_interval":{"confidence_level":0.95,"lower_bound":797.1117388191291,"upper_bound":806.3884001901969},"point_estimate":801.4799062786732,"standard_error":2.3700727403538213},"std_dev":{"confidence_interval":{"confidence_level":0.95,"lower_bound":14.715236985885074,"upper_bound":22.349518598530192},"point_estimate":18.710218766221615,"standard_error":1.9562140806903818}}