{"mean":{"confidence_interval":{"confidence_level":0.95,"lower_bound":-0.005978308726084143,"upper_bound":0.0005079541049488601},"point_estimate":-0.002656221044546103,"standard_error":0.001654934444037868},"median":{"confidence_interval":{"confidence_level":0.95,"lower_bound":-0.004294860322306193,"upper_bound":0.002341452394260868},"point_estimate":-0.0011526467575606603,"standard_error":0.0017406377971363358}}