{"mean":{"confidence_interval":{"confidence_level":0.95,"lower_bound":0.0006941988355071039,"upper_bound":0.007482332845529923},"point_estimate":0.003696356202912643,"standard_error":0.0017520993220307597},"median":{"confidence_interval":{"confidence_level":0.95,"lower_bound":-0.0017864906113327361,"upper_bound":0.0031078245314670864},"point_estimate":0.00006328780005371293,"standard_error":0.0011849415792759886}}