{"mean":{"confidence_interval":{"confidence_level":0.95,"lower_bound":159.3795905590214,"upper_bound":159.80782744465893},"point_estimate":159.59042202745232,"standard_error":0.10935538788521892},"median":{"confidence_interval":{"confidence_level":0.95,"lower_bound":159.35366414993234,"upper_bound":159.72753900590314},"point_estimate":159.4977809916346,"standard_error":0.09635034514010393},"median_abs_dev":{"confidence_interval":{"confidence_level":0.95,"lower_bound":0.6816364909659935,"upper_bound":1.293453855457805},"point_estimate":0.9189567029939355,"standard_error":0.1607349525607749},"slope":{"confidence_interval":{"confidence_level":0.95,"lower_bound":159.61493181564995,"upper_bound":160.1275298433995},"point_estimate":159.85827260291222,"standard_error":0.13062338723753042},"std_dev":{"confidence_interval":{"confidence_level":0.95,"lower_bound":0.9012343503097607,"upper_bound":1.2696055982640004},"point_estimate":1.0945582348856964,"standard_error":0.093913073512384}}