{"mean":{"confidence_interval":{"confidence_level":0.95,"lower_bound":-0.006616682412468774,"upper_bound":-0.0014936260457000226},"point_estimate":-0.004095094104157426,"standard_error":0.0013068802069842074},"median":{"confidence_interval":{"confidence_level":0.95,"lower_bound":-0.008207754026370345,"upper_bound":-0.0003647861422459986},"point_estimate":-0.004775156197233232,"standard_error":0.002018797163444828}}