{"mean":{"confidence_interval":{"confidence_level":0.95,"lower_bound":0.018513196310391042,"upper_bound":0.026943548067579957},"point_estimate":0.022528104561153173,"standard_error":0.002136284890574721},"median":{"confidence_interval":{"confidence_level":0.95,"lower_bound":0.016915033325886286,"upper_bound":0.024140015443496532},"point_estimate":0.019963931407447788,"standard_error":0.0018274482702245463}}