{"mean":{"confidence_interval":{"confidence_level":0.95,"lower_bound":-0.015700458254411544,"upper_bound":-0.008939618813541198},"point_estimate":-0.012312877691990853,"standard_error":0.001732202422599237},"median":{"confidence_interval":{"confidence_level":0.95,"lower_bound":-0.015128947418185318,"upper_bound":-0.008321441323248302},"point_estimate":-0.011177404168816851,"standard_error":0.0017032055314066567}}