{"mean":{"confidence_interval":{"confidence_level":0.95,"lower_bound":0.00634538974643138,"upper_bound":0.01440945396269432},"point_estimate":0.009810141288733698,"standard_error":0.002089737039962074},"median":{"confidence_interval":{"confidence_level":0.95,"lower_bound":0.005568996788694935,"upper_bound":0.010488947286581896},"point_estimate":0.0077812059057238425,"standard_error":0.0012647808202217894}}