{"mean":{"confidence_interval":{"confidence_level":0.95,"lower_bound":-0.003647312129031459,"upper_bound":0.004180150085264172},"point_estimate":0.00022376488612319,"standard_error":0.0019961769262455604},"median":{"confidence_interval":{"confidence_level":0.95,"lower_bound":-0.004645739072428601,"upper_bound":0.0045102534265242245},"point_estimate":0.000172364143444792,"standard_error":0.002143466493803015}}