{"mean":{"confidence_interval":{"confidence_level":0.95,"lower_bound":-0.00980597002395079,"upper_bound":-0.0022039262403024344},"point_estimate":-0.005537713846573866,"standard_error":0.0019446320737918825},"median":{"confidence_interval":{"confidence_level":0.95,"lower_bound":-0.00761294339780727,"upper_bound":-0.0019006002183417081},"point_estimate":-0.004808343175433771,"standard_error":0.001530567941207763}}