{"mean":{"confidence_interval":{"confidence_level":0.95,"lower_bound":-0.00499592092268907,"upper_bound":0.006428013639726562},"point_estimate":0.0009009974807443477,"standard_error":0.002898800213214601},"median":{"confidence_interval":{"confidence_level":0.95,"lower_bound":-0.006739349581713566,"upper_bound":0.01566116759588665},"point_estimate":0.0008571869035980395,"standard_error":0.005129632608797695}}