{"mean":{"confidence_interval":{"confidence_level":0.95,"lower_bound":0.0006182915157989688,"upper_bound":0.006729349324273114},"point_estimate":0.0035828786464724427,"standard_error":0.001528202594826837},"median":{"confidence_interval":{"confidence_level":0.95,"lower_bound":-0.0024792072864701087,"upper_bound":0.004163453289625085},"point_estimate":0.0008991961462425646,"standard_error":0.001735486824259048}}