{"mean":{"confidence_interval":{"confidence_level":0.95,"lower_bound":0.02259713801843798,"upper_bound":0.02877977969176079},"point_estimate":0.0257556478843024,"standard_error":0.001565213689539467},"median":{"confidence_interval":{"confidence_level":0.95,"lower_bound":0.021615639349052085,"upper_bound":0.02834631352606487},"point_estimate":0.025005795497066163,"standard_error":0.0018442552524019595}}