{"mean":{"confidence_interval":{"confidence_level":0.95,"lower_bound":0.029539581544848044,"upper_bound":0.038029786806465016},"point_estimate":0.03354482262823799,"standard_error":0.002167691076636772},"median":{"confidence_interval":{"confidence_level":0.95,"lower_bound":0.025476739597337532,"upper_bound":0.03834148172961113},"point_estimate":0.03177738948255082,"standard_error":0.0033319587462721533}}