{"mean":{"confidence_interval":{"confidence_level":0.95,"lower_bound":-0.005572291218239621,"upper_bound":0.003688678016855699},"point_estimate":-0.0005473708943946054,"standard_error":0.002355500784422167},"median":{"confidence_interval":{"confidence_level":0.95,"lower_bound":-0.003193299960199014,"upper_bound":0.004618352532794079},"point_estimate":0.0007514030271285055,"standard_error":0.00193877484064502}}