{"mean":{"confidence_interval":{"confidence_level":0.95,"lower_bound":-0.07494872795639226,"upper_bound":-0.06714066415094676},"point_estimate":-0.07121184692256133,"standard_error":0.002002216787457863},"median":{"confidence_interval":{"confidence_level":0.95,"lower_bound":-0.07885201511883821,"upper_bound":-0.0696463029908692},"point_estimate":-0.07431587872353984,"standard_error":0.0024181474180145577}}