{"mean":{"confidence_interval":{"confidence_level":0.95,"lower_bound":0.0011516956389443836,"upper_bound":0.012023970222454938},"point_estimate":0.0062824727708883366,"standard_error":0.0027758250652682856},"median":{"confidence_interval":{"confidence_level":0.95,"lower_bound":-0.0029790083579742666,"upper_bound":0.005599548545850874},"point_estimate":0.000033961785047331716,"standard_error":0.0022655758759406648}}