{"mean":{"confidence_interval":{"confidence_level":0.95,"lower_bound":-0.05851663559563777,"upper_bound":-0.05153148822936131},"point_estimate":-0.05504835701413846,"standard_error":0.0017906032967684741},"median":{"confidence_interval":{"confidence_level":0.95,"lower_bound":-0.059328199761006895,"upper_bound":-0.05216490738610835},"point_estimate":-0.05607863359307175,"standard_error":0.0018875486197775823}}