{"mean":{"confidence_interval":{"confidence_level":0.95,"lower_bound":-0.0751920652788859,"upper_bound":-0.07118355163341826},"point_estimate":-0.073147081161402,"standard_error":0.00101893596150197},"median":{"confidence_interval":{"confidence_level":0.95,"lower_bound":-0.07455597339994358,"upper_bound":-0.07106740280202162},"point_estimate":-0.07236982391775104,"standard_error":0.0009082523290194759}}