{"mean":{"confidence_interval":{"confidence_level":0.95,"lower_bound":0.07549350065121169,"upper_bound":0.08408772337628645},"point_estimate":0.07956661170704327,"standard_error":0.002199624749611},"median":{"confidence_interval":{"confidence_level":0.95,"lower_bound":0.07770134668394557,"upper_bound":0.0912072035951188},"point_estimate":0.08687594333690662,"standard_error":0.0035034821478986742}}