{"mean":{"confidence_interval":{"confidence_level":0.95,"lower_bound":-0.0281775069110567,"upper_bound":-0.015117713115826615},"point_estimate":-0.022236762839591195,"standard_error":0.003319011965753481},"median":{"confidence_interval":{"confidence_level":0.95,"lower_bound":-0.03342052079972113,"upper_bound":-0.022805381666204605},"point_estimate":-0.02748463479439678,"standard_error":0.002652824728748725}}