{"mean":{"confidence_interval":{"confidence_level":0.95,"lower_bound":-0.0040186264970222905,"upper_bound":0.0019480155253265435},"point_estimate":-0.000979274226925897,"standard_error":0.001523060392628147},"median":{"confidence_interval":{"confidence_level":0.95,"lower_bound":-0.005934768575119542,"upper_bound":0.000540065294495351},"point_estimate":-0.0018441122423666911,"standard_error":0.001576856484534357}}