{"mean":{"confidence_interval":{"confidence_level":0.95,"lower_bound":-0.000634422725294803,"upper_bound":0.00956939878994257},"point_estimate":0.004246714957778286,"standard_error":0.002639633958208911},"median":{"confidence_interval":{"confidence_level":0.95,"lower_bound":-0.0031138686796355897,"upper_bound":0.0047691979588713185},"point_estimate":0.0004946187195011831,"standard_error":0.0020081568348301443}}