{"mean":{"confidence_interval":{"confidence_level":0.95,"lower_bound":3206.969927058617,"upper_bound":3224.5960530613106},"point_estimate":3215.5189204934036,"standard_error":4.512507059120288},"median":{"confidence_interval":{"confidence_level":0.95,"lower_bound":3194.23509202454,"upper_bound":3219.1154974659908},"point_estimate":3205.8420245398775,"standard_error":5.9977493441718295},"median_abs_dev":{"confidence_interval":{"confidence_level":0.95,"lower_bound":31.22027112250105,"upper_bound":48.388327164111814},"point_estimate":41.46026722703353,"standard_error":4.5593490171252915},"slope":{"confidence_interval":{"confidence_level":0.95,"lower_bound":3188.515645803969,"upper_bound":3202.626527149496},"point_estimate":3195.166567218575,"standard_error":3.598339781807856},"std_dev":{"confidence_interval":{"confidence_level":0.95,"lower_bound":35.834769704799974,"upper_bound":53.83807648185759},"point_estimate":45.27522201606028,"standard_error":4.60635983086226}}