{"mean":{"confidence_interval":{"confidence_level":0.95,"lower_bound":0.04361275194198633,"upper_bound":0.05144280409648265},"point_estimate":0.047493502397880194,"standard_error":0.001992838215156076},"median":{"confidence_interval":{"confidence_level":0.95,"lower_bound":0.04503929249109784,"upper_bound":0.056374179522336476},"point_estimate":0.05134604026083567,"standard_error":0.002830186981526321}}