{"mean":{"confidence_interval":{"confidence_level":0.95,"lower_bound":0.20906599645492535,"upper_bound":0.22015732755694298},"point_estimate":0.2144767746034184,"standard_error":0.0028327667286276326},"median":{"confidence_interval":{"confidence_level":0.95,"lower_bound":0.20415459672953928,"upper_bound":0.21402285694818324},"point_estimate":0.2098407264598936,"standard_error":0.0025368339313624334}}